{"cameraMode":{"drawMode":0,"name":"Shaded","section":"Shading Mode"},"sceneLighting":true,"audioPlay":false,"sceneViewState":{"m_AlwaysRefresh":false,"showFog":true,"showSkybox":true,"showFlares":true,"showImageEffects":true,"showParticleSystems":true,"showVisualEffectGraphs":true,"m_FxEnabled":true},"in2DMode":false,"pivot":{"x":-0.0005389611469581723,"y":0.683984637260437,"z":-0.2379472404718399},"rotation":{"x":0.03694126009941101,"y":0.9629889130592346,"z":-0.1947062760591507,"w":0.18270659446716309},"size":3.5287322998046877,"orthographic":true}